"query","search interest","increase percent"
"geekzilla.io technology",4,"Breakout"
"tip calculator 2022",14,"4,000%"
"regalbuzz",1,"1,850%"
"geekzilla.io podcast",1,"1,250%"
"coffee gear coffeedeets.com",0,"750%"
"tip screen",7,"350%"
"doordash tip calculator",7,"250%"
"google in 1998",1,"170%"
"tip calculator iphone",37,"170%"
"google calculator",100,"160%"
"tip calculator google",100,"160%"
"scientific calculator",6,"150%"
"tip calculator on iphone",10,"150%"
"google tip calculator",100,"150%"
"tip calculator for nails",4,"130%"
"iphone tip calculator",32,"130%"
"20 tip calculator",36,"90%"
"tip calculator for food",7,"90%"
"tip calculator formula",10,"80%"
"restaurant tip calculator",38,"80%"
"tip calculator restaurant",37,"70%"
"apple watch tip calculator",5,"70%"
"uber tip calculator",10,"60%"
"tip calculator python",3,"60%"
"paycheck calculator",5,"60%"
"gold tip foc calculator",10,"60%"
"foc calculator",10,"60%"
"foc calculator gold tip",10,"50%"
"tax and tip calculator",23,"50%"
"ti calculator",4,"50%"
"how to calculate tip",13,"50%"
"tip calculator for hair",9,"50%"
"tip calculator california",11,"40%"
"best tip calculator app",3,"40%"
"time calculator",20,"40%"
"15 tip calculator",19,"40%"
"tip calculator texas",14,"40%"
"tip calculator usa",6,"40%"
"tip percentage calculator",46,"30%"
"massage tip calculator",8,"30%"
"percent off calculator",5,"30%"
"tip calculator nyc",9,"30%"
"pedicure tip calculator",5,"30%"
"percentage calculator",46,"30%"
"hair tip calculator",24,"30%"
"discount calculator",13,"30%"
"nail salon tip calculator",7,"30%"
"simple interest calculator",2,"30%"
"how much to tip",51,"30%"
"percent calculator",48,"30%"